{
  "results": [
    {
      "command": "sudo -n scripts/mount_benchmark_probe.sh --bin /data/tmp/rch_target_frankenfs_bd_rchk55/release-perf/ffs-cli --image baselines/hyperfine/20260503-bd-rchk5-5-before/mount_probe.ext4 --mount-root baselines/hyperfine/20260503-bd-rchk5-5-before/mount_probe_mounts --mode cold --out-json baselines/hyperfine/20260503-bd-rchk5-5-before/ffs_cli_mount_cold_probe_report.json",
      "mean": 0.3283337071,
      "stddev": 0.09218199520385148,
      "median": 0.3440699785,
      "user": 0.04052615999999999,
      "system": 0.05301534,
      "min": 0.192050589,
      "max": 0.490597021,
      "times": [
        0.341225274,
        0.418324611,
        0.378362409,
        0.346914683,
        0.490597021,
        0.192050589,
        0.243764686,
        0.275065243,
        0.232580987,
        0.364451568
      ],
      "exit_codes": [
        0,
        0,
        0,
        0,
        0,
        0,
        0,
        0,
        0,
        0
      ]
    }
  ]
}
