{
  "results": [
    {
      "command": "/data/tmp/cargo-target/release-perf/ffs-cli fsck -f --json conformance/golden/ext4_8mb_reference.ext4",
      "mean": 0.015565740466666665,
      "stddev": 0.0015130544699335554,
      "median": 0.015284336,
      "user": 0.004307066666666666,
      "system": 0.010917266666666666,
      "min": 0.013154527000000001,
      "max": 0.019281713000000002,
      "times": [
        0.014330695000000001,
        0.015219449000000001,
        0.014534340000000001,
        0.013154527000000001,
        0.014195498,
        0.015384721,
        0.015237753000000001,
        0.01620784,
        0.014252637,
        0.013155188000000002,
        0.014886969000000002,
        0.019281713000000002,
        0.015330919,
        0.013998175000000002,
        0.017885017,
        0.015885199000000003,
        0.014575969000000001,
        0.014624081,
        0.016476709000000003,
        0.016473413000000003,
        0.015233144,
        0.01709989,
        0.014711266,
        0.015469252000000001,
        0.017119187,
        0.017697031000000002,
        0.016875766,
        0.016866338,
        0.017466424,
        0.013343104000000001
      ],
      "exit_codes": [
        0,
        0,
        0,
        0,
        0,
        0,
        0,
        0,
        0,
        0,
        0,
        0,
        0,
        0,
        0,
        0,
        0,
        0,
        0,
        0,
        0,
        0,
        0,
        0,
        0,
        0,
        0,
        0,
        0,
        0
      ]
    }
  ]
}
