{
  "results": [
    {
      "command": "fsck_-f",
      "mean": 0.016213909220000003,
      "stddev": 0.001333338538900015,
      "median": 0.016025263100000003,
      "user": 0.004090983999999999,
      "system": 0.01186912,
      "min": 0.013889056100000002,
      "max": 0.018917582100000004,
      "times": [
        0.017563667100000003,
        0.013889056100000002,
        0.0163360211,
        0.016708297100000002,
        0.018295573100000004,
        0.014468304100000003,
        0.0151381831,
        0.014241263100000002,
        0.014808639100000003,
        0.015532660100000002,
        0.015726217100000002,
        0.0173876931,
        0.017051427100000002,
        0.015107795100000002,
        0.0165448581,
        0.015725485100000002,
        0.015222522100000004,
        0.015113556100000002,
        0.015632288100000002,
        0.017221589100000004,
        0.016025263100000003,
        0.0177778531,
        0.0174439711,
        0.018917582100000004,
        0.017467966100000003
      ],
      "exit_codes": [
        0,
        0,
        0,
        0,
        0,
        0,
        0,
        0,
        0,
        0,
        0,
        0,
        0,
        0,
        0,
        0,
        0,
        0,
        0,
        0,
        0,
        0,
        0,
        0,
        0
      ]
    },
    {
      "command": "info_all",
      "mean": 0.00219909202,
      "stddev": 0.0001572883542737987,
      "median": 0.0021900451000000003,
      "user": 0.00045154400000000007,
      "system": 0.0017723711999999997,
      "min": 0.0018995051000000002,
      "max": 0.0025376141,
      "times": [
        0.0022788841,
        0.0023229181000000002,
        0.0022561511,
        0.0024025291000000005,
        0.0019692681,
        0.0022598781000000004,
        0.0020857881000000003,
        0.0020682551,
        0.0020466641,
        0.0024781811000000003,
        0.0020388691000000005,
        0.0020951961,
        0.0021109661,
        0.0023178781000000002,
        0.0025376141,
        0.0020463631000000003,
        0.0021619521000000004,
        0.0018995051000000002,
        0.0022948451000000003,
        0.0021900451000000003,
        0.0021542681000000004,
        0.0020850861000000004,
        0.0022543671,
        0.0023178471000000005,
        0.0023039811
      ],
      "exit_codes": [
        0,
        0,
        0,
        0,
        0,
        0,
        0,
        0,
        0,
        0,
        0,
        0,
        0,
        0,
        0,
        0,
        0,
        0,
        0,
        0,
        0,
        0,
        0,
        0,
        0
      ]
    },
    {
      "command": "inspect",
      "mean": 0.0021603301800000004,
      "stddev": 0.0002790709318139267,
      "median": 0.0021692761000000004,
      "user": 0.00022636799999999998,
      "system": 0.0018881999999999998,
      "min": 0.0016468561000000004,
      "max": 0.0026602061000000005,
      "times": [
        0.0016468561000000004,
        0.0023863881,
        0.0024025791,
        0.0020670731000000005,
        0.0025278661,
        0.0022387081000000003,
        0.0025053131000000004,
        0.0026602061000000005,
        0.0022098631000000003,
        0.0023394381,
        0.0018789561000000002,
        0.0022181691000000003,
        0.0021040521000000004,
        0.0025578031000000005,
        0.0019863291000000003,
        0.0021739651000000004,
        0.0020401921,
        0.0017494811000000002,
        0.0018554311000000003,
        0.0017102171000000005,
        0.0021692761000000004,
        0.0020511621000000005,
        0.0019025311000000003,
        0.0021340001000000005,
        0.0024923981000000003
      ],
      "exit_codes": [
        0,
        0,
        0,
        0,
        0,
        0,
        0,
        0,
        0,
        0,
        0,
        0,
        0,
        0,
        0,
        0,
        0,
        0,
        0,
        0,
        0,
        0,
        0,
        0,
        0
      ]
    }
  ]
}
