{
  "results": [
    {
      "command": "rch exec -- cargo bench --profile release-perf -p ffs-block --bench arc_cache -- block_cache_arc_mixed_seq70_hot30",
      "mean": 19.69121462738,
      "stddev": 1.0780677338532405,
      "median": 19.46461910958,
      "user": 0.8996454999999999,
      "system": 1.0037279399999999,
      "min": 18.348964833580002,
      "max": 22.10018162458,
      "times": [
        19.632454354580002,
        20.15938643858,
        20.44650014558,
        20.09049659158,
        18.75482571758,
        18.92823965558,
        19.29678386458,
        18.348964833580002,
        19.15431304758,
        22.10018162458
      ],
      "exit_codes": [
        0,
        0,
        0,
        0,
        0,
        0,
        0,
        0,
        0,
        0
      ]
    }
  ]
}
