{
  "results": [
    {
      "command": "/data/tmp/rch_target_frankenfs_bd_rchk5_2/release-perf/ffs-harness check-fixtures",
      "mean": 0.00129652906,
      "stddev": 0.0004135377476122075,
      "median": 0.00117269386,
      "user": 0.000304908,
      "system": 0.00101568,
      "min": 0.00094887486,
      "max": 0.0023755448600000003,
      "times": [
        0.00094887486,
        0.0015285328600000002,
        0.0023755448600000003,
        0.0013297058599999999,
        0.0011629408600000001,
        0.00118244686,
        0.0010664568600000002,
        0.0011426718599999999,
        0.0010022568599999998,
        0.00122585886
      ],
      "exit_codes": [
        0,
        0,
        0,
        0,
        0,
        0,
        0,
        0,
        0,
        0
      ]
    }
  ]
}
