{
  "results": [
    {
      "command": "rch exec -- cargo bench --profile release-perf -p ffs-block --bench arc_cache -- block_cache_arc_compile_like",
      "mean": 77.27461779849997,
      "stddev": 176.10465574306156,
      "median": 21.5172463825,
      "user": 1.84451696,
      "system": 1.5302573,
      "min": 19.056036620500002,
      "max": 578.4661100264999,
      "times": [
        19.056036620500002,
        22.3167387825,
        22.788911848500003,
        578.4661100264999,
        23.4702978285,
        21.546499208500002,
        21.1561973075,
        21.4879935565,
        21.1081712085,
        21.3492215975
      ],
      "exit_codes": [
        0,
        0,
        0,
        0,
        0,
        0,
        0,
        0,
        0,
        0
      ]
    }
  ]
}
