{
  "results": [
    {
      "command": "rch exec -- cargo bench --profile release-perf -p ffs-block --bench arc_cache -- block_cache_arc_database_like",
      "mean": 21.417111787619998,
      "stddev": 0.801710602735935,
      "median": 21.40131846602,
      "user": 0.9039160999999998,
      "system": 1.0553407799999996,
      "min": 20.35846816202,
      "max": 22.73075714502,
      "times": [
        21.32266509602,
        22.73075714502,
        21.01272143002,
        20.48789138202,
        20.75833198802,
        21.53961903102,
        22.45712598802,
        20.35846816202,
        21.47997183602,
        22.02356581802
      ],
      "exit_codes": [
        0,
        0,
        0,
        0,
        0,
        0,
        0,
        0,
        0,
        0
      ]
    }
  ]
}
