{
  "results": [
    {
      "command": "rch exec -- cargo bench --profile release-perf -p ffs-block --bench arc_cache -- block_cache_arc_zipf_distribution",
      "mean": 19.752260850460004,
      "stddev": 0.6198065049221098,
      "median": 19.658292235060003,
      "user": 0.90254704,
      "system": 0.9975450799999998,
      "min": 18.797236052560002,
      "max": 20.613254964560003,
      "times": [
        18.92126992656,
        18.797236052560002,
        19.533245238560003,
        19.61121357456,
        19.70537089556,
        20.613254964560003,
        19.44440810056,
        20.11571920556,
        20.422201697560002,
        20.35868884856
      ],
      "exit_codes": [
        0,
        0,
        0,
        0,
        0,
        0,
        0,
        0,
        0,
        0
      ]
    }
  ]
}
