{
  "results": [
    {
      "command": "rch exec -- cargo bench --profile release-perf -p ffs-block --bench arc_cache -- block_cache_arc_sequential_scan",
      "mean": 20.4703694077,
      "stddev": 0.1667430725203071,
      "median": 20.504347554699997,
      "user": 0.8988196999999998,
      "system": 1.0010099399999999,
      "min": 20.2334668327,
      "max": 20.7332036277,
      "times": [
        20.3224887987,
        20.429845030699997,
        20.5310649567,
        20.239590854699998,
        20.5274775547,
        20.7332036277,
        20.4812175547,
        20.547057353699998,
        20.6582815127,
        20.2334668327
      ],
      "exit_codes": [
        0,
        0,
        0,
        0,
        0,
        0,
        0,
        0,
        0,
        0
      ]
    }
  ]
}
