{
  "results": [
    {
      "command": "/data/tmp/rch_target_frankenfs_bd_rchk5_2/release-perf/ffs-harness parity",
      "mean": 0.0011195513799999999,
      "stddev": 0.00011980543046326771,
      "median": 0.00112362028,
      "user": 0.00035554999999999994,
      "system": 0.00084864,
      "min": 0.00099440578,
      "max": 0.0013788127799999998,
      "times": [
        0.0012051437799999998,
        0.0013788127799999998,
        0.00103155578,
        0.00099440578,
        0.0009944557800000001,
        0.00117001778,
        0.0010134117799999998,
        0.00112928078,
        0.00111795978,
        0.00116046978
      ],
      "exit_codes": [
        0,
        0,
        0,
        0,
        0,
        0,
        0,
        0,
        0,
        0
      ]
    }
  ]
}
