{
  "results": [
    {
      "command": "/data/tmp/rch_target_frankenfs_bd_rchk5_2/release-perf/ffs-cli parity --json",
      "mean": 0.0017387518399999996,
      "stddev": 0.00019154600345562474,
      "median": 0.00171821124,
      "user": 0.00062471,
      "system": 0.0011992559999999999,
      "min": 0.0013981502399999998,
      "max": 0.0021045972399999996,
      "times": [
        0.0017107812399999997,
        0.00171313624,
        0.0021045972399999996,
        0.0013981502399999998,
        0.0016588032399999998,
        0.00172328624,
        0.0018011332399999998,
        0.0015533642399999997,
        0.0018198182399999999,
        0.00190444824
      ],
      "exit_codes": [
        0,
        0,
        0,
        0,
        0,
        0,
        0,
        0,
        0,
        0
      ]
    }
  ]
}
