{
  "results": [
    {
      "command": "sudo -n scripts/mount_benchmark_probe.sh --bin /data/tmp/rch_target_frankenfs_bd_rchk5_3_mount_warm/release-perf/ffs-cli --image baselines/hyperfine/20260503-bd-rchk5-3-mount-warm/mount_probe.ext4 --mount-root baselines/hyperfine/20260503-bd-rchk5-3-mount-cold-sudo-measured/mount_probe_mounts --mode cold --out-json baselines/hyperfine/20260503-bd-rchk5-3-mount-cold-sudo-measured/ffs_cli_mount_cold_probe_report.json",
      "mean": 0.16719372534000004,
      "stddev": 0.002415824006416753,
      "median": 0.16656362414,
      "user": 0.03449396,
      "system": 0.05185147999999999,
      "min": 0.16468600814,
      "max": 0.17163738714,
      "times": [
        0.16693068714,
        0.16757941314,
        0.16474016014,
        0.16468600814,
        0.16557039814,
        0.17163738714,
        0.16604352214,
        0.16745663114,
        0.16619656114,
        0.17109648514
      ],
      "exit_codes": [
        0,
        0,
        0,
        0,
        0,
        0,
        0,
        0,
        0,
        0
      ]
    }
  ]
}
