{
  "results": [
    {
      "command": "sudo -n scripts/mount_benchmark_probe.sh --bin /data/tmp/rch_target_frankenfs_bd_rchk55/release-perf/ffs-cli --image baselines/hyperfine/20260503-bd-rchk5-6-after/mount_probe.ext4 --mount-root baselines/hyperfine/20260503-bd-rchk5-6-after-rerun/mount_probe_mounts --mode warm --out-json baselines/hyperfine/20260503-bd-rchk5-6-after-rerun/ffs_cli_mount_warm_probe_report.json",
      "mean": 0.15784464841999998,
      "stddev": 0.05798284304937725,
      "median": 0.13726782552,
      "user": 0.03715091999999999,
      "system": 0.07370439999999999,
      "min": 0.11370088202,
      "max": 0.30298117902,
      "times": [
        0.14986493302,
        0.20121111402000003,
        0.11370088202,
        0.12058740902000001,
        0.12132996402000001,
        0.12467071802000002,
        0.15652374702000002,
        0.30298117902,
        0.12053275502000001,
        0.16704378302
      ],
      "exit_codes": [
        0,
        0,
        0,
        0,
        0,
        0,
        0,
        0,
        0,
        0
      ]
    }
  ]
}
