{
  "results": [
    {
      "command": "cargo test -p ffs-core --release tests::backpressure_gate_hot_loop_million_checks -- --nocapture",
      "mean": 0.17275033882000002,
      "stddev": 0.0033494199449464984,
      "median": 0.17283602632,
      "user": 0.11791769999999999,
      "system": 0.09428277999999998,
      "min": 0.16753550232,
      "max": 0.17910747732,
      "times": [
        0.17510211932,
        0.16753550232,
        0.17355157532,
        0.17330870132,
        0.16861001432,
        0.17910747732,
        0.17236335132,
        0.17510329132,
        0.17188888332,
        0.17093247232
      ],
      "exit_codes": [
        0,
        0,
        0,
        0,
        0,
        0,
        0,
        0,
        0,
        0
      ]
    }
  ]
}
