{
  "results": [
    {
      "command": "cargo test -p ffs-core --release tests::backpressure_gate_hot_loop_million_checks -- --nocapture",
      "mean": 0.14818862798,
      "stddev": 0.0029342085784140014,
      "median": 0.14710773558,
      "user": 0.08713795999999999,
      "system": 0.10257681999999999,
      "min": 0.14509635408,
      "max": 0.15432011308,
      "times": [
        0.14639911408,
        0.14509635408,
        0.14527781407999998,
        0.14840176308,
        0.15432011308,
        0.15071516508,
        0.14665509308,
        0.14662171008,
        0.14756037808,
        0.15083877508
      ],
      "exit_codes": [
        0,
        0,
        0,
        0,
        0,
        0,
        0,
        0,
        0,
        0
      ]
    }
  ]
}
