{
  "results": [
    {
      "command": "inspect_btrfs",
      "mean": 0.0012505019400000001,
      "stddev": 0.00032701553898648635,
      "median": 0.0012251041400000002,
      "user": 0.00030863999999999995,
      "system": 0.00103642,
      "min": 0.0008208181400000003,
      "max": 0.00184942314,
      "times": [
        0.0012647481400000003,
        0.00150689214,
        0.00118546014,
        0.00099915114,
        0.00184942314,
        0.0014056521400000002,
        0.0010828281400000004,
        0.0008578071400000001,
        0.0008208181400000003,
        0.0015322391400000002
      ],
      "exit_codes": [
        0,
        0,
        0,
        0,
        0,
        0,
        0,
        0,
        0,
        0
      ]
    },
    {
      "command": "parity_cli",
      "mean": 0.0012988366400000003,
      "stddev": 0.00041518146427830534,
      "median": 0.0011664796400000003,
      "user": 0.000234392,
      "system": 0.0011050199999999997,
      "min": 0.0007521591400000003,
      "max": 0.00222081914,
      "times": [
        0.0010752941400000004,
        0.00136651914,
        0.00101769614,
        0.00222081914,
        0.0017048831400000002,
        0.00143759214,
        0.0011346851400000002,
        0.0007521591400000003,
        0.0010804441400000002,
        0.0011982741400000003
      ],
      "exit_codes": [
        0,
        0,
        0,
        0,
        0,
        0,
        0,
        0,
        0,
        0
      ]
    },
    {
      "command": "parity_harness",
      "mean": 0.0008848775400000003,
      "stddev": 0.0002099091680535496,
      "median": 0.0008745181400000002,
      "user": 0.000296788,
      "system": 0.0007318199999999999,
      "min": 0.0005536671400000003,
      "max": 0.0012471061400000003,
      "times": [
        0.0009982701400000002,
        0.0008394021400000001,
        0.0012471061400000003,
        0.0011218111400000002,
        0.0008271791400000001,
        0.0009311341400000003,
        0.0006166451400000003,
        0.0009096341400000003,
        0.0008039261400000001,
        0.0005536671400000003
      ],
      "exit_codes": [
        0,
        0,
        0,
        0,
        0,
        0,
        0,
        0,
        0,
        0
      ]
    },
    {
      "command": "fixtures_harness",
      "mean": 0.0011079754400000002,
      "stddev": 0.000387115070863963,
      "median": 0.0010499971400000003,
      "user": 0.000478288,
      "system": 0.0007266359999999999,
      "min": 0.0006329051400000002,
      "max": 0.00194894014,
      "times": [
        0.0010677001400000003,
        0.0009477651400000001,
        0.0009549291400000002,
        0.0011846991400000003,
        0.00194894014,
        0.0015409761400000002,
        0.0010552771400000002,
        0.0010447171400000004,
        0.0007018451400000002,
        0.0006329051400000002
      ],
      "exit_codes": [
        0,
        0,
        0,
        0,
        0,
        0,
        0,
        0,
        0,
        0
      ]
    }
  ]
}
