{
  "results": [
    {
      "command": "cargo bench --profile release-perf -p ffs-block --bench arc_cache -- writeback_sync_single_4k",
      "mean": 11.118504254800001,
      "stddev": 0.016363884068312927,
      "median": 11.1203753958,
      "user": 19.228110673333333,
      "system": 0.4290056933333333,
      "min": 11.1012852318,
      "max": 11.133852136800002,
      "times": [
        11.1203753958,
        11.1012852318,
        11.133852136800002
      ],
      "exit_codes": [
        0,
        0,
        0
      ]
    }
  ]
}
