{
  "results": [
    {
      "command": "/tmp/cargo-target/release-perf/ffs-harness check-fixtures",
      "mean": 0.0010624469533333338,
      "stddev": 0.00003533250178424006,
      "median": 0.0010544986200000004,
      "user": 0.0,
      "system": 0.0011834933333333332,
      "min": 0.0010317656200000004,
      "max": 0.0011010766200000002,
      "times": [
        0.0011010766200000002,
        0.0010317656200000004,
        0.0010544986200000004
      ],
      "exit_codes": [
        0,
        0,
        0
      ]
    }
  ]
}
