{
  "results": [
    {
      "command": "cargo bench --profile release-perf -p ffs-block --bench arc_cache -- block_cache_arc_zipf_distribution",
      "mean": 9.849981221886667,
      "stddev": 0.3081943898092687,
      "median": 9.74871810722,
      "user": 17.1989126,
      "system": 0.40969598,
      "min": 9.605158691220002,
      "max": 10.19606686722,
      "times": [
        9.74871810722,
        10.19606686722,
        9.605158691220002
      ],
      "exit_codes": [
        0,
        0,
        0
      ]
    }
  ]
}
