{
  "results": [
    {
      "command": "cargo bench --profile release-perf -p ffs-block --bench arc_cache -- block_cache_arc_compile_like",
      "mean": 10.236727479506667,
      "stddev": 0.16923844958844633,
      "median": 10.20514760684,
      "user": 17.38369098,
      "system": 0.4369133266666667,
      "min": 10.08550338484,
      "max": 10.41953144684,
      "times": [
        10.20514760684,
        10.08550338484,
        10.41953144684
      ],
      "exit_codes": [
        0,
        0,
        0
      ]
    }
  ]
}
