{
  "results": [
    {
      "command": "cargo bench --profile release-perf -p ffs-repair --bench scrub_codec -- scrub_clean_256blocks",
      "mean": 9.494870290046668,
      "stddev": 0.03115609365546478,
      "median": 9.51235413538,
      "user": 17.67339508,
      "system": 0.42116617333333334,
      "min": 9.45889899838,
      "max": 9.51335773638,
      "times": [
        9.51235413538,
        9.51335773638,
        9.45889899838
      ],
      "exit_codes": [
        0,
        0,
        0
      ]
    }
  ]
}
