{
  "results": [
    {
      "command": "/tmp/cargo-target/release-perf/ffs-cli parity --json",
      "mean": 0.0018067383000000001,
      "stddev": 0.0001810916177298109,
      "median": 0.0018333423,
      "user": 0.00101008,
      "system": 0.0007771599999999998,
      "min": 0.0016138163000000002,
      "max": 0.0019730563,
      "times": [
        0.0018333423,
        0.0019730563,
        0.0016138163000000002
      ],
      "exit_codes": [
        0,
        0,
        0
      ]
    }
  ]
}
