{
  "results": [
    {
      "command": "cargo bench --profile release-perf -p ffs-block --bench arc_cache -- block_cache_arc_sequential_scan",
      "mean": 10.776975270613335,
      "stddev": 0.9682094967837547,
      "median": 10.534052993280001,
      "user": 18.182359626666667,
      "system": 0.3899860133333333,
      "min": 9.95335905528,
      "max": 11.84351376328,
      "times": [
        11.84351376328,
        9.95335905528,
        10.534052993280001
      ],
      "exit_codes": [
        0,
        0,
        0
      ]
    }
  ]
}
