{
  "results": [
    {
      "command": "/tmp/cargo-target/release-perf/ffs-harness parity",
      "mean": 0.0010818897266666669,
      "stddev": 0.0001398568702721941,
      "median": 0.0010897880600000001,
      "user": 0.0002939933333333333,
      "system": 0.0008912200000000002,
      "min": 0.0009382510600000002,
      "max": 0.0012176300600000001,
      "times": [
        0.0012176300600000001,
        0.0010897880600000001,
        0.0009382510600000002
      ],
      "exit_codes": [
        0,
        0,
        0
      ]
    }
  ]
}
